FIPS,COUNTY,STATE,ADDRESS,DROPBOXES NAME,TIME & INSTRUCTIONS,ObjectId,x,y
13001,Appling,GA,"83 South Oak Street Baxley, GA 31513",Elections Office,On curb outside office so driver doesn't have to get out of car 24/7,1,-82.3449200214441,31.775969994085
13001,Appling,GA,"69 Tippins Street Baxley, GA 31513",Courthouse Annex,"Outside, 24/7",2,-82.3497899916186,31.7777099930827
13003,Atkinson,GA,"636 Austin Avenue E Pearson, GA 31602",Elections Office,Note: This Dropbox may not be open 24/7,3,-82.8428599716271,31.2930600118309
13005,Bacon,GA,"232 W 12th Street Alma, GA 31510",Elections Office,24/7,4,-85.1819720807865,32.8812368754209
13007,Baker,GA,"167 Baker Place Newton, GA 39870",Elections Office,24/7 outside the courthouse,5,-84.3415715630215,31.3168822343346
13009,Baldwin,GA,"1601 N. Columbia, Suite 110 Milledgeville, GA 31061",Elections Office,"Installed outside the new office, 24/7",6,-83.2430400252956,33.0988299907239
13009,Baldwin,GA,"121 N Wilkinson St, Suite 102 Milledgeville, GA 31061",Courthouse,No Information Avaliable,7,-83.2285199705552,33.0816099991088
13011,Banks,GA,"226 Candler Street Homer, GA 30547",Banks Elections office dropoff,"24/7, Candler runs off the main road through Homer, go up the hill and will see the office",8,-83.4975000205592,34.3354300199686
13013,Barrow,GA,"233 E. Broad St Winder, GA 30680","Elections Office, Administration Annex","24/7, outside the office. Ballots and applications may also be dropped off at this location inside the office, M-F, 8-5.",9,-84.2615199670567,33.2501499977304
13015,Bartow,GA,"1300 Joe Frank Harris Pkwy Cartersville, GA 30120",Elections Office,"24/7; Ballots and applications may also be dropped off at this location inside the office, M-F, 8-5",10,-84.8138299701106,34.2061400017314
13015,Bartow,GA,"135 W Cherokee Ave Cartersville, GA 30120",Bartow County Courthouse,24/7,11,-84.7989599712613,34.1657699893566
13015,Bartow,GA,"6503 Glade Rd SE Acworth, GA 30102",Allatoona Resource Center,24/7,12,-84.6804210882143,34.1137299551974
13015,Bartow,GA,"30 Burge's Mill Rd Euharlee, GA 30145",Euharlee City Hall,24/7,13,-84.9367499933922,34.1471300197127
13015,Bartow,GA,"163 Manning Mill Road Adairsville, GA 30103",Manning Hill Gym,24/7,14,-85.1852117713154,34.6380738921338
13017,Ben Hill,GA,"115 W Pine St Fitzgerald, GA 31750",Elections Office,"Can drop off in the Elections office, M-F 9-5 Note: This Dropbox may not be open 24/7",15,-83.2522600000969,31.714970000017
13019,Berrien,GA,"201 N Davis St, Room 142 Nashville, GA 31639",Elections Office,M-F 8-4:30 Can call ahead and someone will come pick up from them or can leave with security officer who will all for someone to come pick up the ballot Note: This Dropbox may not be open 24/7,16,-83.2500458334829,31.2079499129027
13021,Bibb,GA,"2525 Pio Nono Avenue, Suite 1200 Macon, GA 31206",Elections Office,Inside the office there is a separate box for applications and one for ballots; M-F 8:30-5:30 Note: This Dropbox may not be open 24/7,17,-83.6629697084704,32.8126573339273
13021,Bibb,GA,"2525 Pio Nono Avenue, Suite 1200 Macon, GA 31206",Elections Office,"Outside, 24/7, ballots only",18,-83.6629697084704,32.8126573339273
13021,Bibb,GA,"639 Mulberry Street Macon, GA 31201",Courthouse Annex,24/7. Does accept applications,19,-83.628356323406,32.8383869767087
13023,Bleckley,GA,"112 N Second St Cochran, GA 31014",County Court House,In parking lot near police department - 24/7 Note: This Dropbox may not be open 24/7,20,-83.3553000276631,32.3875600016734
13025,Brantley,GA,"10305 N Main St Ste 400 Nahunta, GA 31553",Elections Office,Drop box is on the door to office. Big orange sign that says ""dropbox."" Built into the door. Drop the ballot through the slot and it goes into the locked box. Available 24/7. Note: This Dropbox may not be open 24/7,21,-81.9799768303596,31.2095061198374
13027,Brooks,GA,"610 S. Highland Rd. Quitman, GA 31643",Elections Office,24/7,22,-83.5521839762315,30.7797629902275
13029,Bryan,GA,"151 S. College St. Pembroke, GA 31321",Pembroke County Courthouse,24/7 (Now open),23,-83.3659573599195,30.989552461121
13029,Bryan,GA,"66 Matthew Freeman Dr. Richmond Hill, GA 31324",Richmond Hill Center at Bryan County Administration Office,24/7 (Now open),24,-81.2601141492698,31.8810096675787
13031,Bulloch,GA,"113 North Main Street, Suite 201 Statesboro, GA 30458",Elections Office (1),"Located in lobby of annex building. These are boxes that they have bolted to a table in the back of the annex building. Available during hours building is open, M-F, 8-5 Note: This Dropbox may not be open 24/7",25,-82.0296100074486,31.6651500025978
13031,Bulloch,GA,"113 North Main Street, Suite 201 Statesboro, GA 30458",Elections Office (2),"Located in parking lot of office, 24/7",26,-82.0296100074486,31.6651500025978
13033,Burke,GA,"602 North Liberty Street, Room 104 Waynesboro, GA 30830",Elections Office,"M-F 9-5 and early voting day Oct 24, 9 - 4 Note: This Dropbox may not be open 24/7",27,-82.0155050246751,33.0905580159943
13035,Butts,GA,"625 West Third Street Jackson, GA 30233",Elections Office,"Outside, just in front of building. 24/7",28,-83.9732199643231,33.2935599999943
13037,Calhoun,GA,"31 Court Street, Suite A Morgan, GA 39866",Courthouse,Located on south side of courthouse wall.,29,-84.5997610246799,31.5376639791567
13039,Camden,GA,"200 E 4th St Woodbine, GA 31569",Elections Office,M-F 8-5 (walk inside office) Note: This Dropbox may not be open 24/7,30,-81.3081999684004,32.3666699938079
13039,Camden,GA,"107 Gross Rd Kingsland, GA 31548",Satellite Office,"M-F 9-5, closed 12:30-1:30 (walk inside office) Note: This Dropbox may not be open 24/7",31,-81.6453802773699,30.7880954353706
13043,Candler,GA,"1075 E Hiawatha Street, Ste A Metter, GA 30439",Elections Office,"M-F, 9-5 Note: This Dropbox may not be open 24/7",32,-82.0383599594387,32.3916800005125
13045,Carroll,GA,"423 College Street, Room 302 Carrollton, GA 30117",Elections Office,Back of the building,33,-84.7969499908131,31.771840020774
13045,Carroll,GA,"42 Community Square Blvd Villa Rica, GA 30180",City Hall,"Located in the drive through lane of the Customer Service Building behind City Hall, 24/7",34,-84.9328000211379,33.7323499910715
13047,Catoosa,GA,"5238 Evitt Street Ringgold, GA 30736",Office Building,"Located outside the office, 24/7",35,-85.1065919946919,34.9154800153846
13049,Charlton,GA,"1520 Third Street, Suite C Folkston, GA 31537",Elections Office,"M-F, 9-5 Note: This Dropbox may not be open 24/7",36,-82.0046300081674,30.8318900041397
13051,Chatham,GA,"1117 Eisenhower Drive, Ste E Savannah, GA 31406",Elections Office,No Information Avaliable,37,-81.0997759832145,32.0054110149462
13051,Chatham,GA,"900 E. Bolton St. Savannah, GA 31401",W.W. Law Center,No Information Avaliable,38,-81.0826088358769,32.0628386779525
13051,Chatham,GA,"54 Johnny Mercer Blvd. Savannah, GA 31410",Whitemarsh Island Chatham Police Precinct,No Information Avaliable,39,-81.00741998314,32.0355170092744
13051,Chatham,GA,"1401 Mills B Lane Blvd. Savannah, GA 31405",Liberty City Community Center,No Information Avaliable,40,-81.1286849997494,32.0508009905152
13051,Chatham,GA,"14097 Abercorn St. Savannah, GA 31419",Southwest Chatham Library,No Information Avaliable,41,-81.175934961661,31.9855410006102
13051,Chatham,GA,"17 Minus Ave. Savannah, GA 31408",UGA Extension,No Information Avaliable,42,-81.1502499600533,32.1020549875097
13051,Chatham,GA,"301 W. Oglethorpe Ave. Savannah, GA 31401",Civic Center,Montgomery Street side,43,-81.0969409720431,32.0767330060731
13051,Chatham,GA,"905 Collat Ave. Savannah, GA 31415",Civic Center,No Information Avaliable,44,-81.1267219580715,32.0726179948406
13051,Chatham,GA,"100 Hwy 80 SW Pooler, GA 31322",Pooler City Hall,No Information Avaliable,45,-81.2486622553479,32.1161238093001
13053,Chattahoochee,GA,"215 McNaughton St Cusseta, GA 31805",Office Building,No Information Avaliable,46,-84.7649799865071,32.3078299978608
13055,Chattooga,GA,"10017 Commerce St. Summerville, GA 30747",Registrar's Office,Applications and Ballots accepted. Hours are 8:30 to 5 now during early voting Note: This Dropbox may not be open 24/7,47,-85.348240156288,34.4801563635036
13057,Cherokee,GA,"2780 Marietta Hwy Canton, GA 30114",County Tax Assessors Office,"Dropbox located outside and behind the Tax Assessor’s building, 24/7; Ballots and Applications accepted inside office, 8:30-5; Office hours during the week before Nov 3 will be M-F 8-7. October 24: 9-4",48,-84.5053210319609,34.2100590019887
13057,Cherokee,GA,"7545 Main St Building 200 Woodstock, GA 30188",Cherokee County South Annex Complex,"Located B/T Rec Center and Police Dept, 24/7",49,-84.511874003905,34.114384984024
13057,Cherokee,GA,"400 East Main Street Canton, GA 30114",Old Board of Elections Office,No Information Avaliable,50,-83.3659300412534,30.9912299837612
13059,Clarke,GA,"155 East Washington Street Athens, GA 30601",Board of Elections Office,"Dropbox outside available 24/7, may drop off applications and ballots inside M-F, 8-5 Note: This Dropbox may not be open 24/7",51,-83.3767209871286,33.9593789933802
13059,Clarke,GA,"2025 Baxter Street Athens, GA 30603",Athens-Clarke County Library,24/7,52,-83.4036569870926,33.9449500075913
13059,Clarke,GA,"775 E. Broad St. Athens, GA 30605",Athens-Clarke County Multimodal Transportation Center,24/7,53,-84.6583099594042,32.0898899956643
13059,Clarke,GA,"2350 Barnett Shoals Rd Athens, GA 30605",Fire Station #7,24/7,54,-83.3442110207767,33.9176649852797
13059,Clarke,GA,"275 Cleveland Road Bogart, GA 30622",ACC Extension,24/7,55,-83.4734319729881,33.9456799878708
13059,Clarke,GA,"125 S. Church Street Winterville, GA 30683",City Hall,"Front of building, 24/7",56,-84.5162800346594,32.3151999952836
13061,Clay,GA,"210 S. Washington St. Suite 4 Fort Gaines, GA 39851",The Courthouse (Office of Election Superindendent),"Drop box on front porch, 24/7 May also walk in or mail apps and ballots, 8-4:30 Note: This Dropbox may not be open 24/7",57,-83.3802699685081,30.9868299871298
13061,Clay,GA,"103 W. Commerce St. Fort Gaines, GA 39851",Registrar's Office,May walk in apps and ballots. 8-4:30 Note: This Dropbox may not be open 24/7,58,-85.0499389391034,31.6064684519442
13061,Clay,GA,"210 South Washington Street, Suite 1 Fort Gaines, GA 39851",Courthouse,"24/7, Drop box on front porch of courthouse.",59,-83.3802699685081,30.9868299871298
13063,Clayton,GA,"121 S. McDonough Street, Annex II Jonesboro, GA 30236",Clayton County Board of Elections & Registration,Side of Courthouse near Handicap Parking,60,-84.3533800099578,33.521153984399
13063,Clayton,GA,"3499 Rex Road Rex, GA 30273",Carl Rhodenizer Recreation Center,No Information Avaliable,61,-84.2761629840915,33.5870230028145
13063,Clayton,GA,"1475 East Fayetteville Road Riverdale, GA 30274",Virginia Burton Gray Recreation Center,No Information Avaliable,62,-84.4375109418661,33.5900643014591
13063,Clayton,GA,"6213 Riverdale Road Riverdale, GA 30274",Frank Bailey Senior Center,No Information Avaliable,63,-84.4210298504873,33.5854151639542
13063,Clayton,GA,"2300 Highway 138 SE Jonesboro, GA 30236",J. Charley Griswell Senior Center,No Information Avaliable,64,-83.7874700336268,33.7691400078569
13063,Clayton,GA,"1837 McDonough Road Hampton, GA 30228",South Clayton Recreation Center,No Information Avaliable,65,-84.3315243197937,33.4483020979949
13063,Clayton,GA,"4812 West Street Forest Park , GA 30297",Forest Park Branch Library,No Information Avaliable,66,-84.3681759966108,33.6234430011193
13063,Clayton,GA,"865 Battle Creek Road Jonesboro, GA 30236",Lee Headquarters Library,No Information Avaliable,67,-84.363362018428,33.5533350022162
13065,Clinch,GA,"25 Court Square, Suite A Homerville, GA 31634",Board of Elections office,"Office open 9-5, applications and ballots may be dropped off inside. Office closed 12-1 for lunch but applications and ballots may be dropped through the slot at the door during open office hours only. There is a slot where ballots can be dropped off through the door but only during office hours which have not changed. Note: This Dropbox may not be open 24/7",68,-82.7482226675492,31.0369894340184
13067,Cobb,GA,"4400 Lower Roswell Rd Marietta, GA 30068",East Cobb Government Service Center,No Information Avaliable,69,-84.4230099880035,33.9620500125097
13067,Cobb,GA,"4700 Austell Rd Austell, GA 30106",South Cobb Government Service Center,No Information Avaliable,70,-84.6109808945437,33.8400697795203
13067,Cobb,GA,"3535 Old 41 Hwy NW Kennesaw, GA 30144",North Cobb Regional Library,No Information Avaliable,71,-84.6514173542141,34.0392717490942
13067,Cobb,GA,"736 Whitlock Avenue Marietta, GA 30064",Elections Main Office,No Information Avaliable,72,-84.5735608662062,33.9519890934357
13067,Cobb,GA,"1750 Dennis Kemp Ln NW Kennesaw, GA 30152",West Cobb Regional Library,No Information Avaliable,73,-84.7027257860018,33.9987177411594
13067,Cobb,GA,"2380 N. Cobb Pkwy Kennesaw, GA 30152",Cobb Fire Station 8,No Information Avaliable,74,-84.6085993089102,34.009803258455
13067,Cobb,GA,"2051 Lower Roswell Rd Marietta, GA 30068",Sewell Mill Library & Cultural Center,No Information Avaliable,75,-84.4924533392524,33.9495607654133
13067,Cobb,GA,"1901 Cumberland Pkwy SE Atlanta, GA 30339",Cobb County Fire Station 4,No Information Avaliable,76,-84.4851581711357,33.8487547610739
13067,Cobb,GA,"1885 Roswell St SE Smyrna , GA 30080",Windy Hill Community Center,No Information Avaliable,77,-84.4993500299804,33.8949222882697
13067,Cobb,GA,"4640 Dallas Hwy Marietta, GA 30064",Cobb County Fire Station 13,No Information Avaliable,78,-84.6877625312462,33.9449134985388
13067,Cobb,GA,"1060 Al Bishop Dr., SW Marietta, GA 30008",Cobb County Animal Services,No Information Avaliable,79,-84.5848097229075,33.903175926902
13067,Cobb,GA,"880 Shaw Park Road Marietta, GA 30066",Gritters Library,No Information Avaliable,80,-84.5241326900549,34.0252645341121
13067,Cobb,GA,"3320 Sandy Plains Road Marietta, GA 30066",Mountain View Library,No Information Avaliable,81,-84.466922504717,34.0313038389972
13067,Cobb,GA,"875 Riverside Pkwy Austell, GA 30168",South Cobb Recreation Center,No Information Avaliable,82,-84.5886504779896,33.7372281056877
13067,Cobb,GA,"805 Clay Street Mableton, GA 30126",South Cobb Regional Library,No Information Avaliable,83,-83.699209365796,33.3014294581251
13067,Cobb,GA,"4181 Atlanta Street Powder Springs, GA 30127",Powder Springs Library,No Information Avaliable,84,-84.6760700002193,33.857399999942
13069,Coffee,GA,"224 West Ashley Street Douglas, GA 31533",Dropbox is outside front of building-24/7 Note: This Dropbox may not be open 24/7,,85,-81.5478664878022,30.7322672732187
13071,Colquitt,GA,"101 E Central Ave Moultrie, GA 31768",Colquitt County Courthouse Annex,Back of Annex,86,-83.2790699709181,30.8319700096349
13073,Columbia,GA,"500 Faircloth Dr. Bldg E Evans, GA 30809",Elections Office,"May walk ballot inside office during business hours, and until 7pm on Election Day. Ballots can also be dropped at early voting locations when open: 1) Building G3, 610 Ronald Reagan Dr., Evans, and 2) former Euchee Creek Library, 5907 Euchee Creek Dr., Grovetown",87,-82.1362352652127,33.5452762919072
13073,Columbia,GA,"610 Ronald Reagan Dr. Evans, GA 30809",Building G3,May drop off ballot at this early voting location when open Note: This Dropbox may not be open 24/7,88,-82.1360379655319,33.5435570094989
13073,Columbia,GA,"5907 Euchee Creek Dr. Grovetown, GA 30813",Former Euchee Creek Library,May drop off ballot at this early voting location when open Note: This Dropbox may not be open 24/7,89,-82.2648099783919,33.4763138152639
13075,Cook,GA,"1200 South Hutchinson Avenue Adel, GA 31620",Elections Office,"Blue box close to door, Outside administration bldg 24/7",90,-83.4168299866235,31.1210799965256
13077,Coweta,GA,"22 East Broad Street Newnan, GA 30263",Coweta County Administration Building,"East Broad Street Side, top of the entrance “A” ramp.",91,-84.7984429746457,33.3745000155596
13079,Crawford,GA,"640 Hwy 128 Roberta, GA 31078","Old Tech Building, Main door",No Information Avaliable,92,-84.5271699712856,32.6726999847532
13081,Crisp,GA,"210 S 7th St Cordele, GA 31015",Elections Office,"Outside main entrance on the main walkway, not in the basement area with the Elections Office, 24/7",93,-83.3409504183663,32.3842851426658
13083,Dade,GA,"71 Case Ave Trenton, GA 30752",Dade County Administrative Building,"Beside door of elections office 24/7, additional drive-thru dropbox in the parking lot 24/7",94,-85.5109299743148,34.8719799917126
13085,Dawson,GA,"96 Academy Avenue Dawsonville, GA 30534",Office Building,"On the right side of building on the curb, 24/7",95,-84.1230400298044,34.4201700131204
13087,Decatur,GA,"122 W Water St Bainbridge, GA 39817",County Elections Office,"Outside the office, 24/7",96,-84.5766885332258,30.9065868171425
13089,DeKalb,GA,"2538 Panola Rd Lithonia, GA 30058",Lou Walker Senior Center,No Information Avaliable,97,-84.164075983773,33.7142180064369
13089,DeKalb,GA,"509 N. McDonough St. Decatur, GA 30030",Decatur City Hall,No Information Avaliable,98,-84.2961710059045,33.7737800197692
13089,DeKalb,GA,"2861 Wesley Chapel Rd. Decatur, GA 30034",Wesley Chapel - Wm. C. Brown Library,No Information Avaliable,99,-84.2211750169675,33.7043660014226
13089,DeKalb,GA,"951 N. Indian Creek Dr. Clarkston, GA 30021",Clarkston Library,No Information Avaliable,100,-84.2387000001138,33.804940000153
13089,DeKalb,GA,"5234 LaVista Rd Tucker, GA 30084",Tucker- Reid H. Cofer Library,No Information Avaliable,101,-84.2085650302528,33.8572960035966
13089,DeKalb,GA,"1282 McConnell Dr. Decatur, GA 30033",Toco Hills-Avia G. Williams,No Information Avaliable,102,-84.3069829903236,33.8092360149091
13089,DeKalb,GA,"4331 River Rd. Ellenwood, GA 30294",County Line-Ellenwood Library,No Information Avaliable,103,-84.2345299873272,33.6550130201432
13089,DeKalb,GA,"1975 Lakeside Pkwy, Suite 350 Tucker, GA 30084",City of Tucker,No Information Avaliable,104,-84.2393349967302,33.8421840188484
13089,DeKalb,GA,"3725 Park Ave Atlanta, Ga 30340",Doraville City Hall,No Information Avaliable,105,-84.2782939990496,33.9009370117781
13089,DeKalb,GA,"4800 Ashford Dunwoody Rd. Dunwoody, Ga 30338",Dunwoody City Hall,No Information Avaliable,106,-84.3387820030102,33.9369200185465
13089,DeKalb,GA,"875 Main Street Stone Mtn, Ga 30083",Stone Mtn. City Hall,No Information Avaliable,107,-83.1707000097007,32.1886499792329
13089,DeKalb,GA,"2771 Columbia Dr. Decatur, Ga 30034",Exchange Park,No Information Avaliable,108,-84.2574280052919,33.7020119856798
13089,DeKalb,GA,"4362 Peachtree Rd. NE Brookhaven, Ga 30319",Brookhaven City Hall,No Information Avaliable,109,-84.3337319906899,33.8706249898168
13089,DeKalb,GA,"4380 Memorial Dr. Decatur, Ga 30032",Voter Registration and Elections Bldg.,No Information Avaliable,110,-84.2467119932845,33.7779410063188
13089,DeKalb,GA,"5605 Rockbridge Road Stone Mountain, GA 30087",Wade Walker Family YMCA,No Information Avaliable,111,-84.1674679719802,33.7833260018086
13089,DeKalb,GA,"7136 Rockbrdige Road Stone Mountain, GA 30087",Dekalb County Fire Station #25,No Information Avaliable,112,-84.1700899997843,33.8047300001114
13089,DeKalb,GA,"3921 Church Street Clarkston, GA 30021",Clarkston City Hall,No Information Avaliable,113,-84.2393859590546,33.8089180060223
13089,DeKalb,GA,"5137 Salem Road Lithonia, GA 30038",Salem - Panola Library,No Information Avaliable,114,-84.1780679782468,33.6779620002889
13089,DeKalb,GA,"2418 Gresham Road Atlanta, GA 30316",Dekalb County Library - Gresham Branch,No Information Avaliable,115,-84.2822970850934,33.1332424838873
13089,DeKalb,GA,"1569 Wellborn Road Lithonia, GA 30058",Redan-Trotti Library,No Information Avaliable,116,-84.1422500107769,33.7456760012328
13089,DeKalb,GA,"6920 Main St Lithonia, GA 30058",Lithonia City Hall,No Information Avaliable,117,-84.1082639920389,33.7107870000637
13089,DeKalb,GA,"100 clarendon Avenue Avondale Estates, GA 30002",Fire Station 3,No Information Avaliable,118,-84.2673201561825,33.7680823616277
13089,DeKalb,GA,"2711 Clairmont Road Atlanta, GA 30329",Fire Station 8,No Information Avaliable,119,-84.3105649964679,33.8362119972374
13089,DeKalb,GA,"3858 North Druid Hills Road Decatur, GA 30033",Fire Station 9,No Information Avaliable,120,-84.2756619972508,33.8116160143697
13089,DeKalb,GA,"5323 Roberts Drive Dunwoody, GA 30338",Fire Station 12,No Information Avaliable,121,-84.3355529593141,33.9559829813727
13089,DeKalb,GA,"3253 Mercer university Drive Chamblee, GA 30341",Fire Station 19,No Information Avaliable,122,-84.2562530304598,33.875302008656
13089,DeKalb,GA,"2342 Flat Shoals Road Atlanta, GA 30032",Fire Station 6,No Information Avaliable,123,-84.4670030018513,33.588411797804
13089,DeKalb,GA,"1776 Derrill Drive Decatur, GA 30032",Fire Station 7,No Information Avaliable,124,-84.2587560341837,33.7392249952824
13089,DeKalb,GA,"1670 Clifton Road Atlanta, GA 30329",Fire Station 1,No Information Avaliable,125,-81.746697612004,32.3066886229662
13089,DeKalb,GA,"1686 Constitution Road Atlanta, GA 30316",Fire Station 10,No Information Avaliable,126,-84.3211739715142,33.689233019919
13091,Dodge,GA,"5016 Courthouse Cir Eastman, GA 31023",Outside Registrar's office,No Information Avaliable,127,-83.1752099764318,32.2008599820408
13093,Dooly,GA,"402 Hawkinsville Hwy Vienna, GA 31092",outside Election office 24/7,No Information Avaliable,128,-83.3734312406755,32.3704385564986
13093,Dooly,GA,"102 2d St. Vienna, GA 31902",Outside Courthouse 24/7,No Information Avaliable,129,-84.3116800410941,32.895830019017
13095,Dougherty,GA,"222 Pine Ave. Albany, GA 31701",Government Center,"Dropbox outside 24/7, or may drop off inside the office",130,-84.152496971052,31.5777309850457
13095,Dougherty,GA,"2004 Stratford Dr, Albany, GA 31705 Albany, GA 31705",Tallulah Massey Library,"Outside, 24/7",131,-84.0999959987752,31.57060800161
13095,Dougherty,GA,"2114 Habersham Road Albany, GA 31701",Southside Branch Library,"Outside, 24/7",132,-84.1713499669204,31.5496710133181
13095,Dougherty,GA,"2507 Dawson Road Albany, GA 31707",Northwest Library,"Outside, 24/7",133,-84.2110319917708,31.611397988631
13097,Douglas,GA,"6100 Hwy 5 Douglasville, GA 30135",Dog River Library,Outside but within gate which is open daily ""8 am to dark"",134,-84.7491200001973,33.7501800003293
13097,Douglas,GA,"5000 Hwy 92 Douglasville, GA 30135",Boundary Water Aquatic Center,Outside but within gate which is open daily ""from 7 am until dark"",135,-84.7491200001973,33.7501800003293
13097,Douglas,GA,"2105 Mack Rd Douglasville, GA 30135",Deer Lick Park,Outside but within gate which is open daily ""7 am-dark"",136,-84.7491200001973,33.7501800003293
13097,Douglas,GA,"6754 W. Church Street Douglasville, GA 30134",Old Courthouse,"Outside, 24/7",137,-84.7505099724196,33.74908001795
13097,Douglas,GA,"8700 Hospital Drive Douglasville, GA 30134",Douglas County Courthouse,"One outside the courthouse 24/7, one inside the building outside of Registrar's office (M-F, 8-5)",138,-84.7300499983057,33.7429600134026
13097,Douglas,GA,"6200 Fairburn Road Douglasville, GA 30134",Douglas County Government Annex,"Outside, 24/7",139,-84.7345599704267,33.7505256571651
13097,Douglas,GA,"6810 Selman Drive Douglasville, GA 30134",Douglas County Public Library,"Outside, 24/7",140,-84.7522099900773,33.7442900118671
13097,Douglas,GA,"7100 Turner Drive Lithia Springs, GA 30122",Lithia Springs Public Library,"Outside, 24/7",141,-84.6588000002732,33.7822000002676
13097,Douglas,GA,"8830 Gurley Road Douglasville, GA 30134",Hunter Park,Outside but gated park hours are M-F 8-5,142,-84.7716272204706,33.7406303668246
13097,Douglas,GA,"7775 Malone Street Douglasville, GA 30134",Jesse Davis Park,"Outside but gated park hours are M-Sat. 8-8:30, Sun. 1-8:30",143,-84.7470599808928,33.7654800075309
13099,Early,GA,"17 McDonald Avenue Blakely, GA 39823",Office Building,"Outside on west side of building, 24/7",144,-84.9332499621108,31.3784799872014
13101,Echols,GA,"110 GA-94 Statenville, GA 31648",Registrar's Office,outside Registrar's office in courthouse building 24/7,145,-83.0274100001406,30.7034299996301
13103,Effingham,GA,"284 GA Highway 119 S Springfield, GA 31329",Office Building,"outside in front of building 24/7, and just inside building door 8:30-5",146,-81.3165399625325,32.3695599905752
13105,Elbert,GA,"45 Forest Avenue Elberton, GA 30635",Registrar's Office,"on the wall in entryway to building, outside entrance to Registrar's office, 24/7",147,-82.8708000401438,34.1109999942634
13107,Emanuel,GA,"105 South Main St Swainsboro, GA 30401",Elections Office,"Next to tag office, M-F 8-12, 1-5, but during early voting period (10/12 to 30) office open 8-5 Note: This Dropbox may not be open 24/7",148,-84.9342599811039,34.3675400007548
13109,Evans,GA,"201 Freeman Street, Suite 10 Claxton, GA 30417",Courthouse,"Outside, 24/7",149,-84.2873157489052,33.7717943883928
13111,Fannin,GA,"400 W Main St. Blue Ridge, GA 30513",Elections Office,"Outside, 24/7",150,-84.3212799996672,34.8688899996598
13113,Fayette,GA,"140 Stonewall Ave W, Ste 208 Fayetteville, GA 30214",Fayette County Administrative Complex near Heritage Park Fountain,"Not unlocked yet (as of 11/25), unlock date TBD",151,-84.4561599959105,33.4476000180442
13113,Fayette,GA,"201 Willowbend Road Peachtree City, GA 30269",Peachtree City Public Library (back of building on ground floor),"Not unlocked yet (as of 11/25), unlock date TBD",152,-84.5831800002174,33.3988099997283
13113,Fayette,GA,"945 Senoia Road Tyrone, GA 30290",Tyrone Police Department,"Not unlocked yet (as of 11/25), unlock date TBD",153,-84.593850861102,33.4787292328077
13113,Fayette,GA,"961 Highway 85 Connector Brooks Brooks, GA 30205",Brooks Town Hall,"Not unlocked yet (as of 11/25), unlock date TBD",154,-84.4591799953518,33.2899199904737
13115,Floyd,GA,"12 E Fourth Ave, Ste 20 Rome, GA 30161",Elections Office,"Outside, 24/7, Not unlocked yet (as of 11/25), unlock date TBD",155,-85.1714499880995,34.2537800151104
13115,Floyd,GA,"205 Riverside Parkway NE Rome, GA 30161",Sara Hightower Library,"Outside, 24/7, Not unlocked yet (as of 11/25), unlock date TBD",156,-85.1687212763722,34.2594804051961
13117,Forsyth,GA,"1201 Sawnee Drive Cumming, GA 30040",Election Office,No Information Avaliable,157,-84.1391477005027,34.2238234700778
13119,Franklin,GA,"7850 Royston Road Carnesville, GA 30521",Office Building,No Information Avaliable,158,-83.2313600104956,34.367040020256
13121,Fulton,GA,"2231 Campbellton Road Atlanta, GA 30311",Adams Park Library,No Information Avaliable,159,-84.4616779703068,33.7056929818212
13121,Fulton,GA,"3424 Martin Luther King Jr Drive Atlanta, GA 30331",Adamsville/Collier Heights Library,No Information Avaliable,160,-84.6425029754928,33.7101529635349
13121,Fulton,GA,"10 Park Plaza Alpharetta, GA 30009",Alpharetta Branch Library,No Information Avaliable,161,-84.2923000000552,34.0735600003464
13121,Fulton,GA,"101 Auburn Avenue Atlanta, GA 30303",Auburn Avenue Research Library,No Information Avaliable,162,-85.0205560334083,33.0155109816214
13121,Fulton,GA,"269 Buckhead Avenue, NE Atlanta, GA 30305",Buckhead Library,No Information Avaliable,163,-84.3790599818983,33.8377999905663
13121,Fulton,GA,"47 Cleveland Avenue SW Atlanta, GA 30315",Cleveland Avenue Library,No Information Avaliable,164,-84.3904554454506,33.6811488798887
13121,Fulton,GA,"3647 Main Street College Park, GA 30337",College Park Branch Library,No Information Avaliable,165,-84.4480199946085,33.6555230165682
13121,Fulton,GA,"1838 Donald Lee Hollowell Parkway Atlanta, GA 30318",Dogwood Library,No Information Avaliable,166,-84.4472819684154,33.7742479815816
13121,Fulton,GA,"2757 Main Street East Point, GA 30344",East Point Branch Library,No Information Avaliable,167,-84.4404099813578,33.6801599868243
13121,Fulton,GA,"2301 Holcomb Bridge Road Roswell, GA 30076",East Roswell Branch Library,No Information Avaliable,168,-84.2938809864462,34.0030590186727
13121,Fulton,GA,"3665 Cascade Road, SW Atlanta, GA 30331",Evelyn G. Lowery @ Cascade,No Information Avaliable,169,-84.5066130186469,33.7246520092694
13121,Fulton,GA,"60 Valley View Drive Fairburn, GA 30213",Fairburn Branch Library,No Information Avaliable,170,-83.9113300028176,33.4874000187172
13121,Fulton,GA,"3929 Aviation Circle, Suite A Atlanta, GA 30336",Fulton County Airport:,No Information Avaliable,171,-84.5165469986905,33.7740090137011
13121,Fulton,GA,"11575 Maxwell Road Alpharetta, GA 30009",Fulton County Customer Service Cetner @ Maxwell Road,No Information Avaliable,172,-84.3024440223819,34.0632350059929
13121,Fulton,GA,"141 Pryor Street, SW Atlanta, GA 30303",Fulton County Government Center (1),No Information Avaliable,173,-84.3916739912689,33.7508850192302
13121,Fulton,GA,"130 Peachtree Street, SW Atlanta, GA 30303",Fulton County Government Center (2),No Information Avaliable,174,-84.3925609644242,33.7510369825144
13121,Fulton,GA,"4055 Flat Shoals Road Union City, GA 30291",Gladys S. Dennard Library @ South Fulton,No Information Avaliable,175,-84.5194499871761,33.5877730157846
13121,Fulton,GA,"527 King Arnold Street Hapeville, GA 30354",Hapeville Senior Center,No Information Avaliable,176,-84.4055109428128,33.6586092856838
13121,Fulton,GA,"8100 Holcomb Bridge Road Alpharetta, GA 30022",Johns Creek Environmental Campus,No Information Avaliable,177,-84.2663900198761,33.977127002842
13121,Fulton,GA,"1463 Pryor Road, SW Atlanta, GA 30315",Louise Watley Library at Southeast Atlanta,No Information Avaliable,178,-84.3941329910186,33.7147810188017
13121,Fulton,GA,"400 Formwalt Street Atlanta, GA 30312",Mechanicsville Library,No Information Avaliable,179,-84.3956126007332,33.7434930985316
13121,Fulton,GA,"1332 Metropolitan Parkway Atlanta, GA 30310",Metropolitan Branch Library,No Information Avaliable,180,-84.3911100001874,33.7483100000036
13121,Fulton,GA,"855 Mayfield Road Milton, GA 30009",Milton Branch Library,No Information Avaliable,181,-84.3366420192724,34.0904769881302
13121,Fulton,GA,"7741 Roswell Road Sandy Springs, GA 30350",North Fulton Service Center,No Information Avaliable,182,-84.3506700002564,33.9977599997905
13121,Fulton,GA,"5025 Roswell Road Sandy Springs, GA 30342",North Training Center,No Information Avaliable,183,-84.3506700002564,33.9977599997905
13121,Fulton,GA,"9560 Spruill Road Alpharetta, GA 30022",Northeast /Spruill Oaks Library,No Information Avaliable,184,-84.2242930010467,34.0141600112755
13121,Fulton,GA,"3295 Northside Parkway, NW Atlanta, GA 30327",Northside Library,No Information Avaliable,185,-84.4254099783205,33.8451150033017
13121,Fulton,GA,"2489 Perry Boulevard, NW Atlanta, GA 30318",Northwest Branch Library @ Scott’s Crossing,No Information Avaliable,186,-84.4690490164205,33.8055059841774
13121,Fulton,GA,"9111 Cascade Palmetto Highway Palmetto, GA 30268",Palmetto Branch Library,No Information Avaliable,187,-84.6641079728105,33.5304760019383
13121,Fulton,GA,"980 Ponce De Leon Ave NE Atlanta, GA 30306",Ponce De Leon Library,No Information Avaliable,188,-84.3550660291684,33.7741680178016
13121,Fulton,GA,"5090 Abbotts Bridge Road Johns Creek, GA 30005",Robert E. Fulton Regional Library @ Ocee,No Information Avaliable,189,-84.209640009119,34.0646010047884
13121,Fulton,GA,"115 Norcross Street Roswell, GA 30075",Roswell Branch Library,No Information Avaliable,190,-84.3578410265907,34.0252599977787
13121,Fulton,GA,"395 Mt Vernon Highway, NE Sandy Springs, GA 30328",Sandy Springs Branch Library,No Information Avaliable,191,-84.3744100001537,33.9240000002858
13121,Fulton,GA,"5600 Stonewall Tell Road College Park, GA 30349",South Fulton Service Center,No Information Avaliable,192,-84.5504389728014,33.6018810159018
13121,Fulton,GA,"1116 Martin Luther King Jr Drive Atlanta, GA 30314",Washington Park Library,No Information Avaliable,193,-82.3617499609871,31.225900012918
13121,Fulton,GA,"525 Peeples Street SW Atlanta, GA 30310",West End Library,No Information Avaliable,194,-84.4205079885961,33.7407965226445
13121,Fulton,GA,"3100 Enon Road Atlanta, GA 30331",Wolf Creek Branch Library,No Information Avaliable,195,-83.8465441504156,30.9701895966855
13123,Gilmer,GA,"1 Broad St, Suite 107 Ellijay, GA 30540",Gilmer County Courthouse,"Outside, 24/7 Note: This Dropbox may not be open 24/7",196,-84.4835900252633,34.6950600177437
13125,Glascock,GA,"676 West Main Street Gibson, GA 30810",Office Building,No Information Avaliable,197,-83.38020708015,30.9895579580292
13127,Glynn,GA,"1815 Gloucester Street Brunswick, GA 31520",Board of Elections and Registration Office (outside door),No Information Avaliable,198,-81.4846055004422,31.1520431872345
13129,Gordon,GA,"101 S. Piedmont Street Calhoun, GA 30103",Gordon County Annex Building,"Behind courthouse left side front porch, 24/7",199,-84.9505351822128,34.5027515473814
13131,Grady,GA,"250 N. Broad St. Cairo, GA 39828",Courthouse,At courthouse. Drive up drop box.24/7. Signs indicate location,200,-83.7098599804507,34.0015900060663
13133,Greene,GA,"1180 C Weldon Smith Drive Suite 120 Greensboro, GA 30642",Office Building,"Secure box in lobby 8-5, M-F, in same building as Drivers Services Note: This Dropbox may not be open 24/7",201,-83.1933999635183,33.566130019344
13135,Gwinnett,GA,"455 Grayson Hwy Suite 200 Lawrenceville, GA 30045",Voter Registration and Elections Bldg.,No Information Avaliable,202,-83.9825940334332,33.9386689868627
13135,Gwinnett,GA,"2750 Pleasant Hill Rd. Duluth, GA 30096",Shorty Howell Park Activity Bldg,No Information Avaliable,203,-84.1491769828148,33.9735820025823
13135,Gwinnett,GA,"1063 Rockbridge Rd. SW Stone Mtn, GA 30087",Mountain Park Acquatic Ctr,No Information Avaliable,204,-84.1331373666858,33.8458267537668
13135,Gwinnett,GA,"4651 Britt Rd Norcross, GA 30093",Lucky Shoals Park Community Ctr,No Information Avaliable,205,-84.1978900056768,33.8821299904892
13135,Gwinnett,GA,"4515 Lenora Church Rd. Snellville, GA 30039",Lenora Park Gym,No Information Avaliable,206,-84.0029540115812,33.7943609866037
13135,Gwinnett,GA,"55 Buford Hwy Suwanee, GA 30024",George Pierce Park Community Ctr.,No Information Avaliable,207,-84.0526502944206,34.0730608175959
13135,Gwinnett,GA,"2735 Old Auburn Ave. Dacula, GA 30019",Dacula Park Activity Bldg.,No Information Avaliable,208,-83.8929820173441,33.9960809998335
13135,Gwinnett,GA,"2723 N. Bogan Rd NE Buford, GA 30519",Bogan Park Community Center,No Information Avaliable,209,-83.9708347836318,34.10802810863
13135,Gwinnett,GA,"1001 Lawrenceville Highway Lawrenceville, GA 30046",Lawrenceville Library,No Information Avaliable,210,-84.014599999995,33.9423300000993
13135,Gwinnett,GA,"2780 Five Forks Trickum Road Lawrenceville, GA 30044",Five Forks Library,No Information Avaliable,211,-84.0550460312148,33.893353987659
13135,Gwinnett,GA,"265 Dacula Road Dacula, GA 30019",Dacula Library,No Information Avaliable,212,-83.8990129639035,33.994215985184
13135,Gwinnett,GA,"3690 Braselton Highway Dacula, GA 30019",Hamilton Mill Library,No Information Avaliable,213,-83.9032256933785,34.069370480323
13135,Gwinnett,GA,"455 Camp Perrin Road Lawrenceville, GA 30043",Collins Hill Library,No Information Avaliable,214,-84.0022640138149,34.0155359845506
13135,Gwinnett,GA,"2100 Buford Highway Buford, GA 30518",Buford-Sugar Hill Library,No Information Avaliable,215,-84.0000149808898,34.1105000132862
13135,Gwinnett,GA,"361 Main Street Suwanee, GA 30024",Suwanee Library,No Information Avaliable,216,-85.0946900268464,33.2804900141908
13135,Gwinnett,GA,"3840 Duluth Park Lane Duluth, GA 30096",Duluth Library,No Information Avaliable,217,-84.1454200001245,34.0036599999943
13135,Gwinnett,GA,"5570 Spalding Drive Peachtree Corners, GA 30092",Peachtree Corners Library,No Information Avaliable,218,-84.2243240144836,33.9695459899238
13135,Gwinnett,GA,"6025 Buford Highway Norcross, GA 30071",Norcross Library,No Information Avaliable,219,-84.2179430384754,33.9344849918059
13135,Gwinnett,GA,"4817 Church Street NW Lilburn, GA 30047",Lilburn Library,No Information Avaliable,220,-84.1385567644543,33.8920357156979
13135,Gwinnett,GA,"1210 Pounds Road Lilburn, GA 30047",Mountain Park Library,No Information Avaliable,221,-84.1208845914505,33.8463927275956
13135,Gwinnett,GA,"3025 Bethany Church Road Snellville, GA 30039",Centerville Library,No Information Avaliable,222,-84.0506741777637,33.8175908139345
13135,Gwinnett,GA,"2740 Lenora Church Road Snellville, GA 30078",Snellville Library,No Information Avaliable,223,-84.0128610026404,33.8444589931343
13135,Gwinnett,GA,"700 Grayson Parkway Grayson, GA 30017",Grayson Library,No Information Avaliable,224,-83.9635999706241,33.8887500178532
13137,Habersham,GA,"130 Jacob's Way, Ste 101 Clarkesville, GA 30523",Office Building,Drop off in person at office Note: This Dropbox may not be open 24/7,225,-83.9654940019254,34.8908778847443
13139,Hall,GA,"2875 Browns Bridge Rd Gainesville, GA 30504",County Government Center,"The box is located in front of the Government Center so that people can drive up, left lane under overhang and drop in the ballot 24/7",226,-83.8769640326471,34.2776380128224
13139,Hall,GA,"6488 Spout Springs Rd. Flowery Branch, GA 30542",Spout Springs Library,Secure metal dropboxes inside to drop ballots and applications (also one of the early voting locations). Other dropbox locations were closed. Note: This Dropbox may not be open 24/7,227,-83.8942989816866,34.1523009834404
13141,Hancock,GA,"9091 East Broad Street, P.O. Box 118 Sparta, GA 31087",Office Building,No Information Avaliable,228,-82.9698599704526,33.2758199951025
13143,Haralson,GA,"4485 Ga. Hwy 120 Buchanan, GA 30113",Haralson County Courthouse,Metal box in lobby on the left in front of security office. Avail 8:30-5:00 M-F. Courthouse is located near Veterans Park on Hwy 120 near Hwy 27 Note: This Dropbox may not be open 24/7,229,-84.1655578491573,34.025423404647
13145,Harris,GA,"104 N. College St. Hamilton, GA 31811",Board of Elections,Drop ballots and apps 24/7 on porch in slot on wall of building. Ballots fall into container in office of registrar. Elections Office is next to courthouse in town.,230,-84.8745599595476,32.7591899936681
13147,Hart,GA,"182 Cade Street, Suite B Hartwell, GA 30643",Elections Office,"outside, 24-7; in front of Elections Office door, across from hospital (green box with white lid)",231,-82.9399457723525,34.3477876380721
13149,Heard,GA,"215 East Court Sq. Franklin, GA 30217",Elections Office,"Ballots and Applications accepted. Open M-F, 8:30-5. Drive to curb on the backside of the courthouse and employee will come out to get your ballot (they see drivers pull up). No need to get out of car. Ballot immediately processed (not tallied) and placed in lock box in office- voter can confirm on My Voter Page. Note: This Dropbox may not be open 24/7",232,-85.0978500044702,33.279260012174
13151,Henry,GA,"40 Atlanta St. McDonough, GA 30253",Henry County Elections and Registration Office,Outside 24-7. In front of Elections Office front door. Can submit applications and ballots,233,-84.1478050334921,33.4489379794455
13153,Houston,GA,"200 Carl Vinson Pkwy Warner Robins, GA 31088",Houston County Annex,Lobby (8:30 a.m. – 5:00 p.m. M-F and Election Day 7:00 a.m. – 7:00 p.m.) Note: This Dropbox may not be open 24/7,234,-83.6641299931527,32.5964500211987
13153,Houston,GA,"801 Main St. Perry, GA 31069",Board of Elections,Lobby (8:00 a.m. – 5:00 p.m. M-F and Election Day 7:00 a.m. – 7:00 p.m.) Note: This Dropbox may not be open 24/7,235,-83.733810010953,32.457779982389
13153,Houston,GA,"233 N. Houston Road Warner Robins, GA 31093",Houston Health Pavilion Conference Center - Cary W. Martin Conference Center,"8:00 am – 5:00 pm. M-F, and Election Day 7:00 am – 7:00 pm Note: This Dropbox may not be open 24/7",236,-83.641770008551,32.6210499844838
13155,Irwin,GA,"507-C North Irwin Ave Ocilla, GA 31774",Elections Office,"Dropbox in front of Elections Office; Outdoor, 24-7; monitored",237,-83.2501199669517,31.6000499819384
13157,Jackson,GA,"441 Gordon Street Jefferson, GA 30549",County Elections Office (outside),Outside 24/7,238,-85.1489500262136,33.7304700138329
13157,Jackson,GA,"5488 US 441 S Nicholson, GA 30565",Nicholson City Hall,Outside 24/7,239,-82.8559334099768,31.2168926515
13157,Jackson,GA,"69 W Jackson Road Braselton, GA 30517","West Jackson Fire Dept, Station 1",Outside 24/7,240,-83.7609829676243,34.1054899824285
13159,Jasper,GA,"126 W Greene St, Ste. #3 Monticello, GA 31064",Courthouse,"Outdoor, 24-7. In alley between courthouse and Five Loaves Restaurant. Can drop into box from passenger side of the car, or walk up to box. Second location is in the door near front of Registrar's Office; ballots drop into a locked box",241,-83.6835599984876,33.3049899818465
13161,Jeff Davis,GA,"14 Jeff Davis Street, Ste. 107 Hazlehurst, GA 31539",Courthouse,"Outside Courthouse, 24-7",242,-82.600690025395,31.8624100054252
13163,Jefferson,GA,"415 Green Street Louisville, GA 30434",Elections Office,"Outdoor dropoff (24-7): Mailslot in front door, ballots drop into locked box; Inside dropoff: M-F, 8-5 (Applications and Ballots accepted.) Note: This Dropbox may not be open 24/7",243,-82.4203800001068,40.1719999999783
13163,Jefferson,GA,"401 Broad St Wrens, GA 30833",Wrens City Hall,"Outside, 24/7",244,-85.1717099946787,34.255019992041
13163,Jefferson,GA,"37 Butts Street Wadley, GA 30477",Wadley City Hall,"Outside, 24/7",245,-82.4036653701104,32.8629742681436
13165,Jenkins,GA,"611 E. Winthrope Ave. Millen, GA 30442","Elections Office, Courthouse","Come in the back door of the courthouse. Submit at a table set up there. M-F, 8-5 Note: This Dropbox may not be open 24/7",246,-81.9393869330487,32.8037651986672
13167,Johnson,GA,"2484 W. Elm St. Wrightsville, GA 31096",Elections Office,"Inside, M-F, 8-4:30 Note: This Dropbox may not be open 24/7",247,-82.7190700000615,32.7295000000966
13169,Jones,GA,"166 Industrial Blvd. Gray, GA 31032",Government Center,"Touchless white security box, 24-7 security, outside right side of building.",248,-83.5348800397306,33.0216800205339
13171,Lamar,GA,"408 Thomaston Street Suite D Barnesville, GA 30204",Office Building,Drop off inside office or outside in the drop box,249,-84.1567299997574,33.051850010555
13173,Lanier,GA,"162 W. Thigpen Ave. Lakeland, GA 31635",Elections Office,Dropbox outside 24/7,250,-83.0901299708326,31.0424799989704
13175,Laurens,GA,"117 E Jackson Street, Ste. A Dublin, GA 31021",Registar's Office,"Across from Courthouse, drop boxes outside 24/7",251,-83.9798109906992,30.8380569896105
13177,Lee,GA,"100 Starksville Avenue North, Suite C Leesburg, GA 31763",Elections Office,24/7 outside office,252,-84.1679032147185,31.7316179261505
13179,Liberty,GA,"100 N. Main St., Suite 1600 Hinesville, GA 31313",Liberty County Elections Board,"Outside elections office, around the corner to the right on Midway Street across from German Restaurant, 24/7; Can also leave at office M-F, 8-5",253,-84.9342800144331,34.3678800131657
13179,Liberty,GA,"41 Charlie Butler Avenue Midway, GA 31320",Midway City Hall,24/7,254,-81.4299399997591,31.8175900001717
13181,Lincoln,GA,"160 May Ave Lincolnton, GA 30817",Lincoln Center,"Dropbox outside 24/7, no person-to-person contact",255,-82.4762299995606,33.7886399996934
13183,Long,GA,"459 S McDonald St Ludowici, GA 31316",Elections Office,"24hr with camera, outside the building",256,-81.7412599649605,31.7078000176949
13185,Lowndes,GA,"2808 N. Oak St Valdosta, GA 31601",Elections Office,"24/7 cameras, outside of building",257,-83.2927700237043,30.8701300066722
13187,Lumpkin,GA,"56 Short Street Dahlonega, GA 30533",Elections Office,"Outside the front door, but only open when the office is open. M-F 8a-5p, open 7-7 on 11/3",258,-84.6219500176622,31.7584200071712
13193,Macon,GA,"100 Macon St. Oglethorpe, GA 31068",Elections Office,"Outside, 24/7, with camera",259,-84.0614000002723,32.2944799996735
13195,Madison,GA,"94 Spring Lake Drive, P.O. Box 328 Danielsville, GA 30633",County Board of Elections Office,"Outside, 24/7, with camera",260,-85.0364376772014,32.6520449401907
13197,Marion,GA,"100 E. Burkhalter Ave Buena Vista, GA 31803",Elections Office,24-7 outside,261,-84.5194179496598,32.3231347622238
13189,McDuffie,GA,"337 Main Street, Suite 101 Thomson, GA 30824",Elections Office,"Outside, 24/7, with camera",262,-82.5048100215974,33.4696300062842
13189,McDuffie,GA,"4614 Augusta highway Dearing, GA 30808",Dearing Community Center,"Outside, 24/7, with camera",263,-82.3844299659171,33.4129400098273
13191,McIntosh,GA,"103 Jefferson St Darian, GA 31305",Office Building,No Information Avaliable,264,-84.318329991563,32.8799300095116
13199,Meriwether,GA,"137 South Court Square Greenville, GA 30222",Elections Office,"Deliver inside office, 8:30 - 5:00 M-F Note: This Dropbox may not be open 24/7",265,-84.7129126444928,33.0282779810001
13201,Miller,GA,"155 South 1st Street Colquitt, GA 39837",Courthouse,"Inside, 9:00-5:00 M-F Note: This Dropbox may not be open 24/7",266,-85.3214248216262,34.5302690719875
13205,Mitchell,GA,"32 North Court Street Camilla, GA 31730",Board of Elections,No Information Avaliable,267,-84.209760038414,31.232120013294
13205,Mitchell,GA,"214 N. Harney St. Camilla, GA 31730",Courthouse,No Information Avaliable,268,-84.209282058326,31.2376124292933
13207,Monroe,GA,"38 West Main Street Forsyth, GA 31029",TAG Office,"Drive through access, may also dropoff inside office",269,-83.9397200123073,33.0338899804048
13209,Montgomery,GA,"400 South Railroad Ave. Mt. Vernon, GA 30445",Courthouse,"Inside, ADA compliant 8:30 - 5:00 M-F. Note: This Dropbox may not be open 24/7",270,-82.5946500256141,32.1742100142584
13211,Morgan,GA,"434 Hancock St Madison, GA 30650",Office Building,24/7,271,-83.4647499974139,33.5971000203146
13213,Murray,GA,"121 N. 4th Ave. Chatsworth, GA 30705",Murray County Annex Building,"Building is behind the courthouse, drop box built into the brick wall: ADA compliant",272,-84.7695600002708,34.7674399997962
13215,Muscogee,GA,"3111 Citizens Way Columbus, GA 31906",Citizens Service Center,"One box at Main entrance, one drive up box",273,-84.944745558173,32.4764555037553
13215,Muscogee,GA,"1441 Benning Dr Columbus, GA 31903",Frank D. Chester Recreation Center,No Information Avaliable,274,-84.9491350096205,32.4275620058588
13215,Muscogee,GA,"5601 Veterans Pkwy Columbus, GA 31904",Columbus Health Department Building,No Information Avaliable,275,-84.9634679803216,32.5249880095202
13217,Newton,GA,"1113 Usher St. Covington, GA 30014",Newton County Administration Building,"Park in the parking deck, and the dropbox is outside the back entrance of the Administration Building. At the top of the steps by handicap parking and ramp. Applications and ballots may be dropped off inside the office at this location - Hours: 8:00-5:00, Mon-Fri. Enter through either entrance. Applications for ballots can be left in this box. Note: This Dropbox may not be open 24/7",276,-83.8589400075128,33.598029992576
13217,Newton,GA,"3612 Salem Road Covington, GA 30016",West Side Precinct Sherriff's Office,"INSIDE, 8-4:30, M-F",277,-84.9519501087353,32.8764741712267
13219,Oconee,GA,"10 Court St Watkinsville, GA 30677",Board of Elections Office,"Next to the Courthouse: for applications and ballots, with 24/7 surveillance. Box checked three times daily",278,-83.4092999997899,33.8633199998778
13221,Oglethorpe,GA,"41 Fairground Road Lexington, GA 30648",Elections Office,"""Mail Slot"" in wall, available 24/7",279,-83.3520628263659,34.5397008254704
13223,Paulding,GA,"217 Main St. Hiram, GA 30141",Hiram City Hall/Police Station,Drop box OUTSIDE 24/7,280,-84.841030000208,33.9231099951472
13223,Paulding,GA,"240 Constitution Blvd. Dallas, GA 30132",Elections Office,"Outside the Administration Bldg., which is part of the Watson Government Complex and Courthouse, facing the clock tower. OUTSIDE Dropbox with security 24/7",281,-84.8475900131473,33.9172900204648
13223,Paulding,GA,"909 Harmony Grove Church Road Acworth, GA 30101",Crossroads Public Library,"Outside, 24/7",282,-84.7793199982034,34.0504800124696
13225,Peach,GA,"205 W Church St, Suite 102 Fort Valley, GA 31030",Courthouse,"Inside: 8-5 M-F; Sat. 10/24, 9-4 Note: This Dropbox may not be open 24/7",283,-82.8132400023253,32.9811600142092
13225,Peach,GA,"401 Main St Byron, GA 31008",Byron Sheriff's Dept,INSIDE 8-5 M-F Note: This Dropbox may not be open 24/7,284,-82.6604600355934,33.4067200096836
13227,Pickens,GA,"83 Pioneer Road Jasper, GA 30143",Elections Office,"Outside, 24/7",285,-84.4275699944892,34.4705999850481
13229,Pierce,GA,"312 Nichols St, Suite 2 Blackshear, GA 31516","Elections Office, Pierce County Courthouse-Annex II (2)",Dropbox is outside main entrance to building,286,-82.2336299732081,31.3034300182966
13231,Pike,GA,"81 Jackson St Zebulon, GA 30295",Board of Elections/Registrar's Office,"Dropbox OUTSIDE, 24/7 for Ballots only",287,-84.0095085304243,34.1206041739279
13233,Polk,GA,"144 West Avenue, Ste D Cedartown, GA 30125",Elections Office,"by the front doors of the building, 24/7",288,-85.2561900226862,34.01168001555
13235,Pulaski,GA,"45 S. Lumpkin St. Hawkinsville, GA 31036",Courthouse Annex,The drop box is at the front of the Courthouse Annex under the canopy.,289,-83.4798099998273,32.285099999758
13237,Putnam,GA,"100 S Jefferson Ave Eatontown, GA 31024",Courthouse building (1),"In the hallway outside the elections office, M-F, 8-5 Note: This Dropbox may not be open 24/7",290,-83.3888500203318,33.3258299915407
13237,Putnam,GA,"100 S Jefferson Ave Eatontown, GA 31024",Courthouse building (2),"On the backside of the building, near handicap ramp - 24/7",291,-83.3888500203318,33.3258299915407
13239,Quitman,GA,"46 Old School Rd Georgetown, GA 39854",Probate court,"Fastened to wall outside building, 24/7",292,-82.8709032763329,30.9852190923589
13241,Rabun,GA,"18 Old Raca High Drive, Suite 105 Clayton, GA 30525",Elections Office,"On covered porch outside; one box for applications, one box for ballots, available 24/7",293,-83.0785292323563,33.9238481161336
13243,Randolph,GA,"93 Front Street Cuthbert, GA 39840",Elections Office,"2 separate chutes on a wall inside the office - one for applications and one for ballots; M-F, 8-5 and 10/24/20 during early voting Note: This Dropbox may not be open 24/7",294,-84.7877100320901,31.7662800110594
13245,Richmond,GA,"300 Warren Rd. Augusta, GA 30907",Warren Road Recreation Center,24/7,295,-82.0577720281124,33.5062080029735
13245,Richmond,GA,"2463 Golden Camp Road C Augusta, GA 30906",Henry Brigham Community Center,24/7,296,-82.0514130132179,33.4309339863137
13245,Richmond,GA,"4335 Windsor Spring Rd. Hephzibah, GA 30815",Diamond Lakes Regional Park,24/7,297,-82.0886160067862,33.3517789812457
13245,Richmond,GA,"535 Telfair St. Augusta, GA 30901",Municipal Building,24/7,298,-81.9617229613784,33.4711640207278
13247,Rockdale,GA,"1261 Commercial Drive SW Suite B Conyers, GA 30094",Rockdale County Board of Elections Office,Outside the door to the election commission office,299,-84.0217269603713,33.6571509919414
13247,Rockdale,GA,"778 Bell Road Conyers, GA 30094",Firestation,"Outside firestation, 24/7",300,-82.796480058611,33.4836436632242
13247,Rockdale,GA,"2450 Old Salem Road Conyers, GA 30013",Firestation,"Outside firestation, 24/8",301,-83.9965029633876,33.6238509902806
13247,Rockdale,GA,"3601 Union Church Road Stockbridge, GA 30281",Firestation,"Outside firestation, 24/9",302,-83.5355776147864,30.698188959726
13247,Rockdale,GA,"2100 West Hightower Trail Conyers, GA 30012",Firestation,"Outside firestation, 24/10",303,-83.9761539662456,33.7332129912436
13247,Rockdale,GA,"2681 Hurst Road Conyers, GA 30094",Firestation,"Outside firestation, 24/11",304,-82.8321706844994,32.8196766777539
13247,Rockdale,GA,"1496 Rockbridge Road Conyers, GA 30012",Firestation,"Outside firestation, 24/12",305,-84.1292548983335,33.8334611582353
13247,Rockdale,GA,"2009 Walker Road Conyers, GA 30094",Firestation,"Outside firestation, 24/13",306,-83.3586139962896,34.5259572550255
13249,Schley,GA,"47 N Pecan Street Ellaville, GA 31806",Office Building,No Information Avaliable,307,-84.3106083159258,32.2387916995715
13251,Screven,GA,"216 Mims Road, Rm 114 Sylvania, GA 30467",Screven County Courthouse,"Dropbox located at the back of the Commissioner's Office down the driveway between the Police Station and the Courthouse, available 24/7",308,-81.6450499659416,32.7511799951685
13253,Seminole,GA,"200 S Knox Ave Donalsonville, GA 39845",Probate Office,No Information Avaliable,309,-84.8825299995978,31.0411100000773
13255,Spalding,GA,"825 Memorial Drive Griffin, GA 30223",Courthouse,"Outside the courthouse, available 24/7",310,-82.3476496773008,31.2108877754418
13257,Stephens,GA,"127 E Tugalo St Toccoa, GA 30577",Office Building,"In front of Stephens County Government Building, which faces Alexander St. Attached to a white column on the front of the building. Right next to City Hall, 24/7",311,-83.3288810854002,34.5801958394736
13259,Stewart,GA,"1764 Broad Street Lumpkin, GA 31815",Office Building,No Information Avaliable,312,-84.7945400256032,32.0505699853549
13261,Sumter,GA,"500 W. LaMar Street Americus, GA 31709",Courthouse,No Information Avaliable,313,-84.2392629967602,32.0718629948683
13263,Talbot,GA,"141 N Jefferson Ave Talbotton, GA 31827",Office Building,No Information Avaliable,314,-84.5415900300602,32.6795200039219
13263,Talbot,GA,"188 Jackson Ave Talbotton, GA 31827",Office Building,24/7,315,-84.3316146983961,32.8873942943058
13265,Taliaferro,GA,"113 Monument St Crawfordville, GA 30631",Elections Office,"Hand to person behind counter M-F, 8-5 Note: This Dropbox may not be open 24/7",316,-82.8936399999916,33.5540499997934
13267,Tattnall,GA,"114 West Brazell St Reidsville, GA 30453",Elections Office,"Outside, behind building in parking lot, easy access, like a mailbox, 24/7",317,-82.1186911515442,32.0861795743698
13269,Taylor,GA,"1B Ivy Street Butler, GA 31006",Office Building,"Box attached to wall next to front door from street, 24/7",318,-84.485210449492,34.2485664278213
13271,Telfair,GA,"19 East Oak St Annex Bldg 3 (modular) McCrae-Helena, GA 31055",Elections Office,"Slot in front door, M-F, 8-5, Closed 12-1 for lunch. Outside door of the elections office has a slot in it to drop the ballot. 24/7 Note: This Dropbox may not be open 24/7",319,-84.7430604935,33.2102072478491
13273,Terrell,GA,"955 Forrester Drive SE Dawson, GA 39842",Office Building,Slot in fiberglass wall next to outside door with instructions 24/7,320,-84.4361323521968,31.7610258656459
13275,Thomas,GA,"1402 E Jackson St Thomasville, GA 31792",Outside Elections Office,"Next to outside front door, parking 10 ft away 24/7; second box in the front of the parking lot, drive by format",321,-83.9575410280689,30.8526679881142
13277,Tift,GA,"222 Chestnut Ave, Building B Tifton, GA 31794",Elections Office,"Ground Floor, Gym of old High School M-F, 8-5, Next to door of elections office in lobby Note: This Dropbox may not be open 24/7",322,-83.5061021592609,31.4538661014415
13277,Tift,GA,"225 Tift Ave Tifton, GA 31794",Charles Kent Admin Building,"Outside front door, 24/7",323,-83.5064399913847,31.4548299888655
13279,Toombs,GA,"125 W. Lincoln Ave Lyons, GA 30436",Elections Office,"Hand to person over counter, M-F, 8:30-5 PM Note: This Dropbox may not be open 24/7",324,-82.3231649147441,32.2087595617024
13281,Towns,GA,"67 Lakeview Circle, Suite A Hiawassee, GA 30546",Elections Office,Box is outside the door and available 24/7,325,-83.756980022616,34.9461999834776
13283,Treutlen,GA,"650 Second St. Soperton, GA 30457",County Voter Registration Office,"Inside office, M-F, 8 to 5 pm. Or they can drop them off at the Tax Commissioner's drivethrough at the same address so they don't have to get out of their cars Note: This Dropbox may not be open 24/7",326,-82.5927500160246,32.3767600034778
13285,Troup,GA,"100 Ridley Ave LaGrange, GA 30240",Elections Office,"Box outside elections office door, available 24/7",327,-85.0308930156547,33.039918999587
13285,Troup,GA,"117 Lincoln Street Hogansville, GA 30230",Hogansville Police Department,Available 24/7,328,-83.6061800290086,32.6002699892177
13285,Troup,GA,"730 1st Ave West Point, GA 31833",City Hall,Available 24/7,329,-85.1819199910764,32.876394984032
13287,Turner,GA,"1807 US-41 Sycamore, GA 31790",Elections Board,Box is on front porch available 24/7,330,-83.8489099706159,34.5950800062474
13289,Twiggs,GA,"425 Railroad St N Jeffersonville, GA 31044",Elections Office,"Located inside the Courthouse, black secured box with security guards, M-F, 9-5 Note: This Dropbox may not be open 24/7",331,-83.3449099998993,32.6890100003136
13291,Union,GA,"65 Courthouse St. Blairsville, GA 30512",Elections Office,"Dropbox is outside the Courthouse door, 24/7",332,-83.4019090811454,34.8783745146421
13293,Upson,GA,"305 S Hightower Street, Suite 130 Thomaston, GA 30286",Elections Office,"Outdoor dropbox 24/7, also has an indoor dropbox",333,-84.3252000113102,32.8861869726926
13295,Walker,GA,"101 S. Duke street Lafayette, GA 30728",Elections Office,"Rear of building, brown box available 24/7 Note: This Dropbox may not be open 24/7",334,-85.280633021667,34.7049167093675
13297,Walton,GA,"1110 E. Spring Street Monroe, GA 30655",Elections Office,24-7,335,-83.6987100372453,33.8018399910209
13299,Ware,GA,"408 Tebeau Street Waycross, GA 31501",Ware County Elections office,24/7,336,-82.3606700368952,31.2110699948897
13299,Ware,GA,"305 Oak Street Waycross, GA 31501",County Administration Building,"In rear of building, 24/7",337,-83.6465999965088,32.6122400177167
13301,Warren,GA,"48 Warren St Warrenton, GA 30828",Office Building,Drop off in person during business hours Note: This Dropbox may not be open 24/7,338,-82.6615900003382,33.4079200048696
13303,Washington,GA,"132 W. Haynes St, Room 108 Sandersville, GA 31082",Office Building,Physical drop off only M-F 8am-5pm Note: This Dropbox may not be open 24/7,339,-82.8116600139625,32.9833800030564
13305,Wayne,GA,"174 N. Brunswick Jesup, GA 31598",Registrar's office (inside County Courthouse),"Dropoff in office M-F, 8-5 Note: This Dropbox may not be open 24/7",340,-81.8799300036931,31.6040900167329
13305,Wayne,GA,"103 W JL Tyre Street Screven, GA 31560",Screven City Hall,24/7,341,-82.0170400020522,31.4868999884809
13305,Wayne,GA,"217 S Church Street Odum, GA 31555",Odum City Hall,24/7,342,-83.3721548083186,30.9899427215674
13307,Webster,GA,"6622 Cass St. Preston, GA 31824",Office Building,"hand deliver only, 8-4:30, M-F Note: This Dropbox may not be open 24/7",343,-84.5368000234208,32.0671900001168
13309,Wheeler,GA,"16 W Forest Ave Alamo, GA 31634",Elections Office,"Beside the door, outside, available 24/7",344,-82.7465080441833,31.0348743493902
13311,White,GA,"1241 Helen Hwy, Suite 210- A Cleveland, GA 30528",Elections Office,"drop box slot is located on the back door of the voter registration office in the Mauney Building. Ballot can be put through slot at any time, also a freestanding dropbox next to the slot",345,-83.7543039898936,34.6163696213607
13313,Whitfield,GA,"205 N Selvidge St. Suite K Dalton, GA 30720","Elections Office, Whitfield County Courthouse","Small black Absentee Ballot Drop Box located in front, on the South Side of Entrance",346,-84.9711700268714,34.7726399797361
13315,Wilcox,GA,"377 West College Street Abbeville, GA 31001",Elections Office (inside),"M-F 8-5, bring ballots & applications inside - no plan to get a dropbox Note: This Dropbox may not be open 24/7",347,-84.5784000035051,30.8976652507944
13317,Wilkes,GA,"23 Court Street, Room 113 Washington, GA 30673","Elections Office, Wilkes County Courthouse","freestanding dropbox just outside the courthouse, on left - see photo on website",348,-82.739069965783,33.7382700035968
13319,Wilkinson,GA,"100 Bacon St., Room 133 Irwinton, GA 31042",Elections Office,Freestanding black Dropbox on right side of courthouse,349,-83.1739999646088,32.8106599921847
13321,Worth,GA,"201 North Main Street, Room 10 Sylvester, GA 31791",Courthouse,"Freestanding black Dropbox on flagpole (north) side of courthouse, near one of two double doors, before you get to the jail Note: This Dropbox may not be open 24/7",350,-83.8360399773219,31.5279900054371
